"listing_id","address","city","state","zip","full_address","price","bedrooms","bathrooms","square_feet","property_type","year_built","lot_size","lot_unit","hoa_fee","parking","neighborhood","school_district","status","days_on_market","listing_date","latitude","longitude","highlights","description"
"US-00229","1479 Hamilton Pl","Denver","CO","80205","1479 Hamilton Pl, Denver, CO 80205","813000","4","4","1735","Luxury Home","2007","0.75","acres","304","Street parking","Cherry Creek","Jeffco Public Schools","active","35","2026-02-21","39.678457","-105.006513","Updated interior, strong curb appeal, and move-in ready condition","Well-positioned US listing in Denver with practical layout, competitive pricing, and strong buyer appeal."
"US-00203","9556 Cedar Dr","Denver","CO","80209","9556 Cedar Dr, Denver, CO 80209","725000","5","3","2547","Condo","1973","3263","sqft","497","1-car garage","Cherry Creek","Cherry Creek Schools","sold","158","2025-10-21","39.673067","-105.009596","Updated interior, strong curb appeal, and move-in ready condition","Well-positioned US listing in Denver with practical layout, competitive pricing, and strong buyer appeal."
"US-00285","2246 Sunset Dr","Denver","CO","80209","2246 Sunset Dr, Denver, CO 80209","683000","5","3.5","2015","Multi-Family","1957","7221","sqft","78","2-car garage","Cherry Creek","Cherry Creek Schools","active","3","2026-03-25","39.721742","-104.94864","Updated interior, strong curb appeal, and move-in ready condition","Well-positioned US listing in Denver with practical layout, competitive pricing, and strong buyer appeal."
"US-00259","7503 Sunset Pl","Denver","CO","80205","7503 Sunset Pl, Denver, CO 80205","615000","1","3","1909","Multi-Family","1974","5894","sqft","272","Driveway","RiNo","Cherry Creek Schools","sold","62","2026-01-25","39.725436","-105.002815","Updated interior, strong curb appeal, and move-in ready condition","Well-positioned US listing in Denver with practical layout, competitive pricing, and strong buyer appeal."
"US-00251","7822 Meadow Pl","Denver","CO","80211","7822 Meadow Pl, Denver, CO 80211","588000","1","2.5","2039","Single Family","1965","4395","sqft","134","2-car garage","RiNo","Jeffco Public Schools","active","19","2026-03-09","39.683355","-104.933176","Updated interior, strong curb appeal, and move-in ready condition","Well-positioned US listing in Denver with practical layout, competitive pricing, and strong buyer appeal."
"US-00300","7420 Willow St","Denver","CO","80209","7420 Willow St, Denver, CO 80209","501000","2","1.5","1153","Townhouse","2023","9107","sqft","198","2-car garage","RiNo","Denver Public Schools","sold","179","2025-09-30","39.692074","-104.918872","Updated interior, strong curb appeal, and move-in ready condition","Well-positioned US listing in Denver with practical layout, competitive pricing, and strong buyer appeal."
"US-00129","7388 Magnolia Ct","Denver","CO","80205","7388 Magnolia Ct, Denver, CO 80205","381000","1","3","1072","Single Family","1996","5240","sqft","33","2-car garage","RiNo","Jeffco Public Schools","active","7","2026-03-21","39.678882","-105.065574","Updated interior, strong curb appeal, and move-in ready condition","Well-positioned US listing in Denver with practical layout, competitive pricing, and strong buyer appeal."
"US-00148","3324 Sunset Ln","Denver","CO","80205","3324 Sunset Ln, Denver, CO 80205","289000","3","1.5","665","Townhouse","1973","9711","sqft","232","Tandem garage","Cherry Creek","Cherry Creek Schools","active","23","2026-03-05","39.675493","-105.050792","Updated interior, strong curb appeal, and move-in ready condition","Well-positioned US listing in Denver with practical layout, competitive pricing, and strong buyer appeal."
"US-00138","6135 Liberty Pl","Denver","CO","80211","6135 Liberty Pl, Denver, CO 80211","2314000","2","2.5","5159","Townhouse","2000","5698","sqft","18","2-car garage","LoDo","Jeffco Public Schools","active","2","2026-03-26","39.801808","-105.018903","Updated interior, strong curb appeal, and move-in ready condition","Well-positioned US listing in Denver with practical layout, competitive pricing, and strong buyer appeal."
"US-00219","9702 Park Pl","Denver","CO","80211","9702 Park Pl, Denver, CO 80211","2251000","4","3","5118","Single Family","2013","3576","sqft","300","2-car garage","LoDo","Denver Public Schools","active","16","2026-03-12","39.71935","-104.999728","Updated interior, strong curb appeal, and move-in ready condition","Well-positioned US listing in Denver with practical layout, competitive pricing, and strong buyer appeal."
"US-00048","2900 Pine Dr","Denver","CO","80209","2900 Pine Dr, Denver, CO 80209","1967000","2","1.5","5093","Condo","2023","3857","sqft","288","Tandem garage","Cherry Creek","Jeffco Public Schools","pending","63","2026-01-24","39.795047","-104.916486","Updated interior, strong curb appeal, and move-in ready condition","Well-positioned US listing in Denver with practical layout, competitive pricing, and strong buyer appeal."
"US-00059","7623 Willow Dr","Denver","CO","80209","7623 Willow Dr, Denver, CO 80209","1963000","4","2","5189","Multi-Family","1953","3695","sqft","153","Tandem garage","Cherry Creek","Jeffco Public Schools","active","38","2026-02-18","39.735006","-104.97585","Updated interior, strong curb appeal, and move-in ready condition","Well-positioned US listing in Denver with practical layout, competitive pricing, and strong buyer appeal."
"US-00222","1008 Maple Ct","Denver","CO","80205","1008 Maple Ct, Denver, CO 80205","1927000","6","4","3858","Luxury Home","1998","0.21","acres","466","Tandem garage","LoDo","Denver Public Schools","sold","74","2026-01-13","39.665387","-104.995225","Updated interior, strong curb appeal, and move-in ready condition","Well-positioned US listing in Denver with practical layout, competitive pricing, and strong buyer appeal."
"US-00135","2639 Maple Way","Denver","CO","80209","2639 Maple Way, Denver, CO 80209","1884000","1","1.5","4745","Single Family","1953","5631","sqft","100","2-car garage","Cherry Creek","Jeffco Public Schools","sold","167","2025-10-12","39.701718","-105.063111","Updated interior, strong curb appeal, and move-in ready condition","Well-positioned US listing in Denver with practical layout, competitive pricing, and strong buyer appeal."
"US-00069","1558 Hamilton Way","Denver","CO","80209","1558 Hamilton Way, Denver, CO 80209","1854000","4","1.5","4998","Multi-Family","2015","3809","sqft","191","Covered parking","RiNo","Denver Public Schools","pending","55","2026-02-01","39.737136","-105.065776","Updated interior, strong curb appeal, and move-in ready condition","Well-positioned US listing in Denver with practical layout, competitive pricing, and strong buyer appeal."
"US-00131","4406 Jefferson Ct","Denver","CO","80205","4406 Jefferson Ct, Denver, CO 80205","1780000","4","3.5","4749","Townhouse","2011","4183","sqft","3","Driveway","LoDo","Denver Public Schools","active","11","2026-03-17","39.706016","-104.975005","Updated interior, strong curb appeal, and move-in ready condition","Well-positioned US listing in Denver with practical layout, competitive pricing, and strong buyer appeal."
"US-00038","8569 Main St","Denver","CO","80211","8569 Main St, Denver, CO 80211","1678000","1","4","4195","Multi-Family","2004","7416","sqft","276","Covered parking","Highland","Jeffco Public Schools","active","32","2026-02-24","39.737312","-105.063686","Updated interior, strong curb appeal, and move-in ready condition","Well-positioned US listing in Denver with practical layout, competitive pricing, and strong buyer appeal."
"US-00297","4905 Grand St","Denver","CO","80211","4905 Grand St, Denver, CO 80211","1677000","6","4","4415","Single Family","2014","3332","sqft","33","Tandem garage","RiNo","Jeffco Public Schools","sold","40","2026-02-16","39.749457","-104.952235","Updated interior, strong curb appeal, and move-in ready condition","Well-positioned US listing in Denver with practical layout, competitive pricing, and strong buyer appeal."
"US-00062","2791 Maple Pl","Denver","CO","80211","2791 Maple Pl, Denver, CO 80211","1610000","2","2.5","3010","Luxury Home","1976","1","acres","270","Tandem garage","Cherry Creek","Cherry Creek Schools","sold","161","2025-10-18","39.80748","-104.959808","Updated interior, strong curb appeal, and move-in ready condition","Well-positioned US listing in Denver with practical layout, competitive pricing, and strong buyer appeal."
"US-00196","9384 Meadow St","Denver","CO","80209","9384 Meadow St, Denver, CO 80209","1563000","6","3.5","3164","Luxury Home","1970","1.03","acres","549","Driveway","Cherry Creek","Cherry Creek Schools","active","18","2026-03-10","39.699876","-104.947514","Updated interior, strong curb appeal, and move-in ready condition","Well-positioned US listing in Denver with practical layout, competitive pricing, and strong buyer appeal."
"US-00205","9674 Main Blvd","Denver","CO","80202","9674 Main Blvd, Denver, CO 80202","1556000","1","3","3390","Condo","1992","4168","sqft","651","1-car garage","RiNo","Denver Public Schools","active","4","2026-03-24","39.785716","-105.035103","Updated interior, strong curb appeal, and move-in ready condition","Well-positioned US listing in Denver with practical layout, competitive pricing, and strong buyer appeal."
"US-00168","5589 Grand St","Denver","CO","80211","5589 Grand St, Denver, CO 80211","1493000","3","2","4568","Single Family","1983","8775","sqft","86","Tandem garage","LoDo","Denver Public Schools","pending","32","2026-02-24","39.709632","-104.966078","Updated interior, strong curb appeal, and move-in ready condition","Well-positioned US listing in Denver with practical layout, competitive pricing, and strong buyer appeal."
"US-00056","6018 Ridge Ln","Denver","CO","80209","6018 Ridge Ln, Denver, CO 80209","1478000","5","3.5","3533","Condo","1977","1928","sqft","318","Driveway","RiNo","Jeffco Public Schools","pending","12","2026-03-16","39.729548","-104.911065","Updated interior, strong curb appeal, and move-in ready condition","Well-positioned US listing in Denver with practical layout, competitive pricing, and strong buyer appeal."
"US-00073","4946 Hamilton Pl","Denver","CO","80209","4946 Hamilton Pl, Denver, CO 80209","1458000","1","2.5","2643","Luxury Home","1984","0.96","acres","244","1-car garage","Cherry Creek","Jeffco Public Schools","active","24","2026-03-04","39.712134","-105.057948","Updated interior, strong curb appeal, and move-in ready condition","Well-positioned US listing in Denver with practical layout, competitive pricing, and strong buyer appeal."
"US-00057","7780 Lakeview Blvd","Denver","CO","80205","7780 Lakeview Blvd, Denver, CO 80205","1457000","6","1.5","5009","Multi-Family","1964","7964","sqft","246","2-car garage","Highland","Denver Public Schools","sold","129","2025-11-19","39.700795","-105.007016","Updated interior, strong curb appeal, and move-in ready condition","Well-positioned US listing in Denver with practical layout, competitive pricing, and strong buyer appeal."
"US-00127","3640 Willow Blvd","Denver","CO","80211","3640 Willow Blvd, Denver, CO 80211","1390000","6","2.5","4361","Multi-Family","1967","6091","sqft","281","Covered parking","RiNo","Jeffco Public Schools","sold","68","2026-01-19","39.697229","-104.997282","Updated interior, strong curb appeal, and move-in ready condition","Well-positioned US listing in Denver with practical layout, competitive pricing, and strong buyer appeal."
"US-00013","938 Park Way","Denver","CO","80211","938 Park Way, Denver, CO 80211","1367000","5","2.5","3186","Single Family","1960","7666","sqft","273","2-car garage","LoDo","Denver Public Schools","active","8","2026-03-20","39.692308","-104.918578","Updated interior, strong curb appeal, and move-in ready condition","Well-positioned US listing in Denver with practical layout, competitive pricing, and strong buyer appeal."
"US-00044","8023 Oak St","Denver","CO","80209","8023 Oak St, Denver, CO 80209","1298000","2","1.5","2837","Condo","2006","4452","sqft","438","1-car garage","Cherry Creek","Jeffco Public Schools","pending","15","2026-03-13","39.745045","-104.940522","Updated interior, strong curb appeal, and move-in ready condition","Well-positioned US listing in Denver with practical layout, competitive pricing, and strong buyer appeal."
"US-00250","7226 Grand Blvd","Denver","CO","80209","7226 Grand Blvd, Denver, CO 80209","1268000","2","1.5","3778","Multi-Family","1973","3094","sqft","190","Tandem garage","LoDo","Cherry Creek Schools","active","16","2026-03-12","39.81468","-105.028471","Updated interior, strong curb appeal, and move-in ready condition","Well-positioned US listing in Denver with practical layout, competitive pricing, and strong buyer appeal."
"US-00118","2784 Sunset Way","Denver","CO","80202","2784 Sunset Way, Denver, CO 80202","1171000","3","3","3665","Single Family","2013","8590","sqft","220","1-car garage","RiNo","Jeffco Public Schools","sold","140","2025-11-08","39.790112","-104.924432","Updated interior, strong curb appeal, and move-in ready condition","Well-positioned US listing in Denver with practical layout, competitive pricing, and strong buyer appeal."
"US-00208","5912 Main Ln","Denver","CO","80211","5912 Main Ln, Denver, CO 80211","1121000","5","1.5","2850","Multi-Family","1956","9626","sqft","107","2-car garage","RiNo","Denver Public Schools","active","38","2026-02-18","39.70368","-104.953223","Updated interior, strong curb appeal, and move-in ready condition","Well-positioned US listing in Denver with practical layout, competitive pricing, and strong buyer appeal."
"US-00312","7584 Cedar Ct","Denver","CO","80209","7584 Cedar Ct, Denver, CO 80209","1109000","3","2.5","3918","Multi-Family","2000","8051","sqft","292","Tandem garage","LoDo","Jeffco Public Schools","sold","77","2026-01-10","39.79628","-105.054276","Updated interior, strong curb appeal, and move-in ready condition","Well-positioned US listing in Denver with practical layout, competitive pricing, and strong buyer appeal."
"US-00302","3339 Main Dr","Dallas","TX","75201","3339 Main Dr, Dallas, TX 75201","998000","5","4","4386","Multi-Family","1998","10993","sqft","287","Tandem garage","Uptown","Highland Park ISD","sold","51","2026-02-05","32.799491","-96.743647","Updated interior, strong curb appeal, and move-in ready condition","Well-positioned US listing in Dallas with practical layout, competitive pricing, and strong buyer appeal."
"US-00232","7243 Jefferson Way","Dallas","TX","75201","7243 Jefferson Way, Dallas, TX 75201","952000","2","3.5","2806","Single Family","2010","8812","sqft","331","Driveway","Preston Hollow","Richardson ISD","active","10","2026-03-18","32.834187","-96.825414","Updated interior, strong curb appeal, and move-in ready condition","Well-positioned US listing in Dallas with practical layout, competitive pricing, and strong buyer appeal."
"US-00211","9797 Main Ct","Dallas","TX","75214","9797 Main Ct, Dallas, TX 75214","948000","1","2","3755","Condo","1985","2904","sqft","539","Driveway","Preston Hollow","Dallas ISD","sold","96","2025-12-22","32.776156","-96.730979","Updated interior, strong curb appeal, and move-in ready condition","Well-positioned US listing in Dallas with practical layout, competitive pricing, and strong buyer appeal."
"US-00204","6334 Jefferson Pl","Dallas","TX","75204","6334 Jefferson Pl, Dallas, TX 75204","940000","2","2","3128","Townhouse","1978","4772","sqft","294","Street parking","Lakewood","Richardson ISD","active","6","2026-03-22","32.826999","-96.738962","Updated interior, strong curb appeal, and move-in ready condition","Well-positioned US listing in Dallas with practical layout, competitive pricing, and strong buyer appeal."
"US-00216","8090 Meadow Blvd","Dallas","TX","75214","8090 Meadow Blvd, Dallas, TX 75214","931000","3","2.5","2175","Luxury Home","2022","0.83","acres","140","2-car garage","Lakewood","Highland Park ISD","pending","68","2026-01-19","32.852417","-96.736231","Updated interior, strong curb appeal, and move-in ready condition","Well-positioned US listing in Dallas with practical layout, competitive pricing, and strong buyer appeal."
"US-00288","944 Willow Pl","Dallas","TX","75230","944 Willow Pl, Dallas, TX 75230","923000","4","3","2847","Luxury Home","1969","0.3","acres","480","Tandem garage","Bishop Arts","Dallas ISD","active","13","2026-03-15","32.700793","-96.721433","Updated interior, strong curb appeal, and move-in ready condition","Well-positioned US listing in Dallas with practical layout, competitive pricing, and strong buyer appeal."
"US-00029","8391 Willow Ct","Dallas","TX","75214","8391 Willow Ct, Dallas, TX 75214","887000","6","3","2576","Condo","1997","2047","sqft","439","Covered parking","Bishop Arts","Richardson ISD","active","8","2026-03-20","32.807072","-96.758909","Updated interior, strong curb appeal, and move-in ready condition","Well-positioned US listing in Dallas with practical layout, competitive pricing, and strong buyer appeal."
"US-00313","604 Willow Pl","Dallas","TX","75204","604 Willow Pl, Dallas, TX 75204","879000","6","4","2197","Luxury Home","1971","0.65","acres","344","1-car garage","Preston Hollow","Highland Park ISD","pending","18","2026-03-10","32.705071","-96.79071","Updated interior, strong curb appeal, and move-in ready condition","Well-positioned US listing in Dallas with practical layout, competitive pricing, and strong buyer appeal."
"US-00003","7940 Main St","Dallas","TX","75214","7940 Main St, Dallas, TX 75214","848000","1","3","4014","Multi-Family","1986","8998","sqft","189","1-car garage","Preston Hollow","Highland Park ISD","pending","60","2026-01-27","32.718515","-96.826495","Updated interior, strong curb appeal, and move-in ready condition","Well-positioned US listing in Dallas with practical layout, competitive pricing, and strong buyer appeal."
"US-00084","3326 Hamilton Ct","Dallas","TX","75201","3326 Hamilton Ct, Dallas, TX 75201","847000","2","3","3036","Condo","2013","3234","sqft","658","Street parking","Preston Hollow","Dallas ISD","active","8","2026-03-20","32.69689","-96.870817","Updated interior, strong curb appeal, and move-in ready condition","Well-positioned US listing in Dallas with practical layout, competitive pricing, and strong buyer appeal."
"US-00295","7711 Oak Pl","Dallas","TX","75230","7711 Oak Pl, Dallas, TX 75230","841000","4","2","2345","Luxury Home","1997","0.88","acres","411","2-car garage","Preston Hollow","Highland Park ISD","sold","27","2026-03-01","32.816097","-96.870141","Updated interior, strong curb appeal, and move-in ready condition","Well-positioned US listing in Dallas with practical layout, competitive pricing, and strong buyer appeal."
"US-00194","9416 Hamilton Dr","Dallas","TX","75201","9416 Hamilton Dr, Dallas, TX 75201","755000","2","3","2033","Condo","1994","3829","sqft","258","1-car garage","Lakewood","Highland Park ISD","pending","39","2026-02-17","32.748984","-96.843441","Updated interior, strong curb appeal, and move-in ready condition","Well-positioned US listing in Dallas with practical layout, competitive pricing, and strong buyer appeal."
"US-00107","3610 Park Ave","Dallas","TX","75204","3610 Park Ave, Dallas, TX 75204","694000","3","4","1924","Townhouse","2009","4851","sqft","89","2-car garage","Preston Hollow","Highland Park ISD","pending","54","2026-02-02","32.797636","-96.848635","Updated interior, strong curb appeal, and move-in ready condition","Well-positioned US listing in Dallas with practical layout, competitive pricing, and strong buyer appeal."
"US-00074","3775 Meadow Way","Dallas","TX","75214","3775 Meadow Way, Dallas, TX 75214","550000","1","3","2075","Single Family","2002","6700","sqft","154","Covered parking","Uptown","Dallas ISD","pending","27","2026-03-01","32.721717","-96.871128","Updated interior, strong curb appeal, and move-in ready condition","Well-positioned US listing in Dallas with practical layout, competitive pricing, and strong buyer appeal."
"US-00201","2543 Jefferson Ave","Dallas","TX","75201","2543 Jefferson Ave, Dallas, TX 75201","548000","6","1.5","2304","Multi-Family","1963","7227","sqft","287","Street parking","Bishop Arts","Dallas ISD","pending","35","2026-02-21","32.841802","-96.80593","Updated interior, strong curb appeal, and move-in ready condition","Well-positioned US listing in Dallas with practical layout, competitive pricing, and strong buyer appeal."
"US-00037","2401 Willow St","Dallas","TX","75204","2401 Willow St, Dallas, TX 75204","533000","4","2","1982","Multi-Family","1951","7794","sqft","352","Street parking","Uptown","Richardson ISD","active","34","2026-02-22","32.810232","-96.72444","Updated interior, strong curb appeal, and move-in ready condition","Well-positioned US listing in Dallas with practical layout, competitive pricing, and strong buyer appeal."
"US-00126","3892 Cedar Ave","Dallas","TX","75204","3892 Cedar Ave, Dallas, TX 75204","470000","1","3","1511","Condo","1981","3724","sqft","484","Covered parking","Uptown","Highland Park ISD","active","29","2026-02-27","32.709936","-96.76021","Updated interior, strong curb appeal, and move-in ready condition","Well-positioned US listing in Dallas with practical layout, competitive pricing, and strong buyer appeal."
"US-00307","1362 Magnolia Pl","Dallas","TX","75201","1362 Magnolia Pl, Dallas, TX 75201","462000","1","2.5","1286","Luxury Home","1959","0.82","acres","433","2-car garage","Lakewood","Richardson ISD","active","40","2026-02-16","32.748031","-96.761638","Updated interior, strong curb appeal, and move-in ready condition","Well-positioned US listing in Dallas with practical layout, competitive pricing, and strong buyer appeal."
"US-00134","6568 Sunset Blvd","Dallas","TX","75230","6568 Sunset Blvd, Dallas, TX 75230","429000","5","3","1739","Condo","2016","1824","sqft","591","2-car garage","Preston Hollow","Highland Park ISD","sold","157","2025-10-22","32.779172","-96.805382","Updated interior, strong curb appeal, and move-in ready condition","Well-positioned US listing in Dallas with practical layout, competitive pricing, and strong buyer appeal."
"US-00128","3164 Sunset Dr","Dallas","TX","75204","3164 Sunset Dr, Dallas, TX 75204","396000","1","3.5","1640","Townhouse","2006","8639","sqft","89","Driveway","Bishop Arts","Richardson ISD","active","29","2026-02-27","32.832625","-96.786839","Updated interior, strong curb appeal, and move-in ready condition","Well-positioned US listing in Dallas with practical layout, competitive pricing, and strong buyer appeal."
"US-00015","2429 Jefferson Pl","Dallas","TX","75204","2429 Jefferson Pl, Dallas, TX 75204","309000","2","3.5","877","Townhouse","2022","10166","sqft","166","Covered parking","Uptown","Dallas ISD","sold","31","2026-02-25","32.825922","-96.758742","Updated interior, strong curb appeal, and move-in ready condition","Well-positioned US listing in Dallas with practical layout, competitive pricing, and strong buyer appeal."
"US-00309","7992 Main St","Dallas","TX","75230","7992 Main St, Dallas, TX 75230","265000","1","3","698","Luxury Home","2009","0.66","acres","390","2-car garage","Bishop Arts","Richardson ISD","sold","134","2025-11-14","32.76954","-96.740112","Updated interior, strong curb appeal, and move-in ready condition","Well-positioned US listing in Dallas with practical layout, competitive pricing, and strong buyer appeal."
"US-00247","4276 Hamilton Blvd","Dallas","TX","75230","4276 Hamilton Blvd, Dallas, TX 75230","214000","6","3.5","811","Single Family","1995","6297","sqft","13","2-car garage","Lakewood","Dallas ISD","sold","121","2025-11-27","32.820395","-96.737722","Updated interior, strong curb appeal, and move-in ready condition","Well-positioned US listing in Dallas with practical layout, competitive pricing, and strong buyer appeal."
"US-00166","6179 Pine Ct","Dallas","TX","75230","6179 Pine Ct, Dallas, TX 75230","212000","1","3.5","719","Condo","1986","1467","sqft","479","Covered parking","Uptown","Highland Park ISD","active","38","2026-02-18","32.724952","-96.729206","Updated interior, strong curb appeal, and move-in ready condition","Well-positioned US listing in Dallas with practical layout, competitive pricing, and strong buyer appeal."
"US-00078","8520 Jefferson Ave","Dallas","TX","75230","8520 Jefferson Ave, Dallas, TX 75230","2075000","1","2","5167","Luxury Home","1975","1.16","acres","317","Driveway","Bishop Arts","Highland Park ISD","active","38","2026-02-18","32.806734","-96.836569","Updated interior, strong curb appeal, and move-in ready condition","Well-positioned US listing in Dallas with practical layout, competitive pricing, and strong buyer appeal."
"US-00284","4797 Oak Blvd","Dallas","TX","75201","4797 Oak Blvd, Dallas, TX 75201","204000","2","3","792","Multi-Family","1982","4978","sqft","223","2-car garage","Bishop Arts","Richardson ISD","pending","66","2026-01-21","32.78157","-96.790606","Updated interior, strong curb appeal, and move-in ready condition","Well-positioned US listing in Dallas with practical layout, competitive pricing, and strong buyer appeal."
"US-00290","4068 Jefferson Ln","Dallas","TX","75204","4068 Jefferson Ln, Dallas, TX 75204","200000","2","1.5","717","Multi-Family","1969","3351","sqft","360","Tandem garage","Preston Hollow","Richardson ISD","sold","97","2025-12-21","32.854211","-96.848368","Updated interior, strong curb appeal, and move-in ready condition","Well-positioned US listing in Dallas with practical layout, competitive pricing, and strong buyer appeal."
"US-00199","8137 Sunset Ave","Dallas","TX","75230","8137 Sunset Ave, Dallas, TX 75230","1924000","5","2.5","4598","Luxury Home","2008","0.89","acres","203","2-car garage","Preston Hollow","Dallas ISD","active","6","2026-03-22","32.791855","-96.781074","Updated interior, strong curb appeal, and move-in ready condition","Well-positioned US listing in Dallas with practical layout, competitive pricing, and strong buyer appeal."
"US-00254","5563 Main Way","Dallas","TX","75201","5563 Main Way, Dallas, TX 75201","1746000","3","3.5","5183","Condo","2015","3572","sqft","637","Covered parking","Preston Hollow","Highland Park ISD","pending","51","2026-02-05","32.829714","-96.873393","Updated interior, strong curb appeal, and move-in ready condition","Well-positioned US listing in Dallas with practical layout, competitive pricing, and strong buyer appeal."
"US-00174","6394 Hamilton Blvd","Dallas","TX","75230","6394 Hamilton Blvd, Dallas, TX 75230","1653000","4","1.5","4537","Condo","1972","1562","sqft","417","Street parking","Lakewood","Dallas ISD","active","37","2026-02-19","32.830271","-96.833675","Updated interior, strong curb appeal, and move-in ready condition","Well-positioned US listing in Dallas with practical layout, competitive pricing, and strong buyer appeal."
"US-00185","2360 Cedar Way","Dallas","TX","75230","2360 Cedar Way, Dallas, TX 75230","1624000","6","4","4696","Condo","2008","1792","sqft","408","1-car garage","Lakewood","Highland Park ISD","pending","43","2026-02-13","32.836037","-96.754949","Updated interior, strong curb appeal, and move-in ready condition","Well-positioned US listing in Dallas with practical layout, competitive pricing, and strong buyer appeal."
"US-00087","9989 Liberty Ln","Dallas","TX","75230","9989 Liberty Ln, Dallas, TX 75230","1551000","6","2","3535","Luxury Home","1952","0.78","acres","129","2-car garage","Preston Hollow","Richardson ISD","active","22","2026-03-06","32.736323","-96.842903","Updated interior, strong curb appeal, and move-in ready condition","Well-positioned US listing in Dallas with practical layout, competitive pricing, and strong buyer appeal."
"US-00266","2195 Lakeview Way","Dallas","TX","75201","2195 Lakeview Way, Dallas, TX 75201","1528000","4","1.5","4814","Multi-Family","1980","5100","sqft","41","Tandem garage","Preston Hollow","Highland Park ISD","sold","84","2026-01-03","32.733436","-96.809635","Updated interior, strong curb appeal, and move-in ready condition","Well-positioned US listing in Dallas with practical layout, competitive pricing, and strong buyer appeal."
"US-00272","2941 Magnolia St","Dallas","TX","75214","2941 Magnolia St, Dallas, TX 75214","1434000","4","3","3683","Luxury Home","1975","0.44","acres","416","Covered parking","Uptown","Richardson ISD","pending","43","2026-02-13","32.717414","-96.839127","Updated interior, strong curb appeal, and move-in ready condition","Well-positioned US listing in Dallas with practical layout, competitive pricing, and strong buyer appeal."
"US-00228","9879 Liberty Pl","Dallas","TX","75214","9879 Liberty Pl, Dallas, TX 75214","1268000","4","3","3482","Luxury Home","1981","0.8","acres","160","Covered parking","Lakewood","Richardson ISD","active","8","2026-03-20","32.751122","-96.862607","Updated interior, strong curb appeal, and move-in ready condition","Well-positioned US listing in Dallas with practical layout, competitive pricing, and strong buyer appeal."
"US-00149","7428 Maple Ln","Dallas","TX","75230","7428 Maple Ln, Dallas, TX 75230","1251000","5","3.5","4550","Townhouse","1973","5035","sqft","225","Tandem garage","Preston Hollow","Richardson ISD","active","37","2026-02-19","32.702015","-96.848477","Updated interior, strong curb appeal, and move-in ready condition","Well-positioned US listing in Dallas with practical layout, competitive pricing, and strong buyer appeal."
"US-00019","7936 Pine Blvd","Dallas","TX","75214","7936 Pine Blvd, Dallas, TX 75214","1206000","1","3","3739","Multi-Family","1988","5880","sqft","270","Covered parking","Uptown","Dallas ISD","sold","38","2026-02-18","32.782754","-96.872192","Updated interior, strong curb appeal, and move-in ready condition","Well-positioned US listing in Dallas with practical layout, competitive pricing, and strong buyer appeal."
"US-00200","2459 Sunset Dr","Dallas","TX","75230","2459 Sunset Dr, Dallas, TX 75230","1194000","1","3","3465","Condo","2005","2985","sqft","274","Street parking","Bishop Arts","Dallas ISD","sold","168","2025-10-11","32.818653","-96.776584","Updated interior, strong curb appeal, and move-in ready condition","Well-positioned US listing in Dallas with practical layout, competitive pricing, and strong buyer appeal."
"US-00024","845 Oak Pl","Dallas","TX","75214","845 Oak Pl, Dallas, TX 75214","1160000","6","4","3718","Townhouse","1971","8131","sqft","352","Street parking","Bishop Arts","Dallas ISD","active","43","2026-02-13","32.726493","-96.789092","Updated interior, strong curb appeal, and move-in ready condition","Well-positioned US listing in Dallas with practical layout, competitive pricing, and strong buyer appeal."
"US-00145","4625 Pine Ct","Dallas","TX","75201","4625 Pine Ct, Dallas, TX 75201","1108000","5","3","3839","Multi-Family","1967","3381","sqft","326","Tandem garage","Lakewood","Richardson ISD","active","44","2026-02-12","32.849272","-96.773605","Updated interior, strong curb appeal, and move-in ready condition","Well-positioned US listing in Dallas with practical layout, competitive pricing, and strong buyer appeal."
"US-00116","464 Ridge Dr","Dallas","TX","75201","464 Ridge Dr, Dallas, TX 75201","1092000","1","4","3334","Townhouse","1999","5357","sqft","104","Covered parking","Uptown","Dallas ISD","sold","120","2025-11-28","32.825589","-96.83078","Updated interior, strong curb appeal, and move-in ready condition","Well-positioned US listing in Dallas with practical layout, competitive pricing, and strong buyer appeal."
"US-00113","3901 Grand St","Dallas","TX","75204","3901 Grand St, Dallas, TX 75204","1057000","4","2","3036","Condo","2007","3400","sqft","402","1-car garage","Bishop Arts","Highland Park ISD","active","9","2026-03-19","32.760947","-96.84262","Updated interior, strong curb appeal, and move-in ready condition","Well-positioned US listing in Dallas with practical layout, competitive pricing, and strong buyer appeal."
"US-00153","6317 Liberty Pl","Dallas","TX","75230","6317 Liberty Pl, Dallas, TX 75230","1054000","2","2.5","3219","Condo","1979","3583","sqft","509","Covered parking","Uptown","Dallas ISD","sold","77","2026-01-10","32.824709","-96.85261","Updated interior, strong curb appeal, and move-in ready condition","Well-positioned US listing in Dallas with practical layout, competitive pricing, and strong buyer appeal."
"US-00255","6133 Hamilton Ave","Dallas","TX","75214","6133 Hamilton Ave, Dallas, TX 75214","1043000","5","2.5","2527","Luxury Home","1954","1.18","acres","471","Tandem garage","Uptown","Richardson ISD","pending","23","2026-03-05","32.849548","-96.724083","Updated interior, strong curb appeal, and move-in ready condition","Well-positioned US listing in Dallas with practical layout, competitive pricing, and strong buyer appeal."
"US-00065","7850 Hamilton Ave","Austin","TX","78701","7850 Hamilton Ave, Austin, TX 78701","966000","6","2.5","2356","Luxury Home","1970","0.7","acres","215","Driveway","East Cesar Chavez","Austin ISD","pending","46","2026-02-10","30.29954","-97.804507","Updated interior, strong curb appeal, and move-in ready condition","Well-positioned US listing in Austin with practical layout, competitive pricing, and strong buyer appeal."
"US-00235","8844 Grand Way","Austin","TX","78745","8844 Grand Way, Austin, TX 78745","942000","2","2.5","2527","Condo","2008","3238","sqft","479","Covered parking","East Cesar Chavez","Pflugerville ISD","sold","48","2026-02-08","30.262129","-97.792652","Updated interior, strong curb appeal, and move-in ready condition","Well-positioned US listing in Austin with practical layout, competitive pricing, and strong buyer appeal."
"US-00175","2031 Cedar Way","Austin","TX","78702","2031 Cedar Way, Austin, TX 78702","866000","3","3","1731","Luxury Home","1984","0.67","acres","173","Driveway","East Cesar Chavez","Pflugerville ISD","pending","65","2026-01-22","30.296278","-97.763357","Updated interior, strong curb appeal, and move-in ready condition","Well-positioned US listing in Austin with practical layout, competitive pricing, and strong buyer appeal."
"US-00075","5183 Liberty Dr","Austin","TX","78701","5183 Liberty Dr, Austin, TX 78701","854000","3","3.5","3006","Townhouse","2006","7068","sqft","179","Covered parking","East Cesar Chavez","Eanes ISD","sold","45","2026-02-11","30.207541","-97.822704","Updated interior, strong curb appeal, and move-in ready condition","Well-positioned US listing in Austin with practical layout, competitive pricing, and strong buyer appeal."
"US-00303","1742 Liberty Pl","Austin","TX","78745","1742 Liberty Pl, Austin, TX 78745","850000","1","2.5","2089","Townhouse","2002","3979","sqft","95","Covered parking","Mueller","Eanes ISD","active","4","2026-03-24","30.227876","-97.688504","Updated interior, strong curb appeal, and move-in ready condition","Well-positioned US listing in Austin with practical layout, competitive pricing, and strong buyer appeal."
"US-00263","6042 Main Dr","Austin","TX","78745","6042 Main Dr, Austin, TX 78745","845000","1","2","2537","Multi-Family","2019","3782","sqft","164","Covered parking","Mueller","Pflugerville ISD","pending","21","2026-03-07","30.297999","-97.680125","Updated interior, strong curb appeal, and move-in ready condition","Well-positioned US listing in Austin with practical layout, competitive pricing, and strong buyer appeal."
"US-00071","2617 Ridge Ave","Austin","TX","78701","2617 Ridge Ave, Austin, TX 78701","785000","3","3","1856","Single Family","2000","5474","sqft","252","Driveway","Mueller","Austin ISD","pending","14","2026-03-14","30.321125","-97.709055","Updated interior, strong curb appeal, and move-in ready condition","Well-positioned US listing in Austin with practical layout, competitive pricing, and strong buyer appeal."
"US-00111","2368 Grand Dr","Austin","TX","78701","2368 Grand Dr, Austin, TX 78701","777000","3","1.5","2501","Single Family","1991","7980","sqft","5","1-car garage","East Cesar Chavez","Austin ISD","active","34","2026-02-22","30.250708","-97.721262","Updated interior, strong curb appeal, and move-in ready condition","Well-positioned US listing in Austin with practical layout, competitive pricing, and strong buyer appeal."
"US-00294","8424 Hamilton Ln","Austin","TX","78704","8424 Hamilton Ln, Austin, TX 78704","699000","5","2.5","2001","Single Family","2010","7619","sqft","232","Tandem garage","East Cesar Chavez","Austin ISD","sold","67","2026-01-20","30.331668","-97.718802","Updated interior, strong curb appeal, and move-in ready condition","Well-positioned US listing in Austin with practical layout, competitive pricing, and strong buyer appeal."
"US-00005","4832 Meadow Dr","Austin","TX","78701","4832 Meadow Dr, Austin, TX 78701","677000","4","2","1563","Townhouse","2015","3656","sqft","81","Covered parking","South Lamar","Pflugerville ISD","active","41","2026-02-15","30.31321","-97.784701","Updated interior, strong curb appeal, and move-in ready condition","Well-positioned US listing in Austin with practical layout, competitive pricing, and strong buyer appeal."
"US-00011","6872 Grand Ln","Austin","TX","78701","6872 Grand Ln, Austin, TX 78701","669000","6","1.5","1242","Luxury Home","1991","0.26","acres","538","2-car garage","Zilker","Pflugerville ISD","sold","82","2026-01-05","30.29182","-97.752066","Updated interior, strong curb appeal, and move-in ready condition","Well-positioned US listing in Austin with practical layout, competitive pricing, and strong buyer appeal."
"US-00316","6016 Cedar Dr","Austin","TX","78745","6016 Cedar Dr, Austin, TX 78745","553000","6","3","1378","Single Family","1959","4804","sqft","122","Street parking","Mueller","Eanes ISD","active","7","2026-03-21","30.281368","-97.714978","Updated interior, strong curb appeal, and move-in ready condition","Well-positioned US listing in Austin with practical layout, competitive pricing, and strong buyer appeal."
"US-00317","6499 Meadow Dr","Austin","TX","78704","6499 Meadow Dr, Austin, TX 78704","522000","6","3.5","1192","Single Family","1950","6697","sqft","86","Driveway","South Lamar","Austin ISD","active","27","2026-03-01","30.232055","-97.78544","Updated interior, strong curb appeal, and move-in ready condition","Well-positioned US listing in Austin with practical layout, competitive pricing, and strong buyer appeal."
"US-00093","1927 Magnolia St","Austin","TX","78745","1927 Magnolia St, Austin, TX 78745","507000","3","1.5","1566","Single Family","1970","7306","sqft","207","Driveway","South Lamar","Eanes ISD","active","32","2026-02-24","30.260561","-97.731707","Updated interior, strong curb appeal, and move-in ready condition","Well-positioned US listing in Austin with practical layout, competitive pricing, and strong buyer appeal."
"US-00236","4233 Park Ct","Austin","TX","78702","4233 Park Ct, Austin, TX 78702","465000","2","4","1574","Townhouse","1980","6582","sqft","216","1-car garage","East Cesar Chavez","Pflugerville ISD","sold","81","2026-01-06","30.310074","-97.744679","Updated interior, strong curb appeal, and move-in ready condition","Well-positioned US listing in Austin with practical layout, competitive pricing, and strong buyer appeal."
"US-00227","327 Meadow Dr","Austin","TX","78702","327 Meadow Dr, Austin, TX 78702","433000","2","3","1498","Condo","2003","3966","sqft","702","1-car garage","East Cesar Chavez","Austin ISD","active","40","2026-02-16","30.247588","-97.808808","Updated interior, strong curb appeal, and move-in ready condition","Well-positioned US listing in Austin with practical layout, competitive pricing, and strong buyer appeal."
"US-00142","9416 Jefferson Way","Austin","TX","78701","9416 Jefferson Way, Austin, TX 78701","335000","5","3","817","Single Family","1985","7277","sqft","169","Street parking","Mueller","Eanes ISD","pending","44","2026-02-12","30.254505","-97.752543","Updated interior, strong curb appeal, and move-in ready condition","Well-positioned US listing in Austin with practical layout, competitive pricing, and strong buyer appeal."
"US-00021","1825 Magnolia Pl","Austin","TX","78702","1825 Magnolia Pl, Austin, TX 78702","278000","4","1.5","790","Townhouse","1978","5039","sqft","229","1-car garage","East Cesar Chavez","Austin ISD","active","18","2026-03-10","30.242284","-97.707969","Updated interior, strong curb appeal, and move-in ready condition","Well-positioned US listing in Austin with practical layout, competitive pricing, and strong buyer appeal."
"US-00289","2397 Main Blvd","Austin","TX","78704","2397 Main Blvd, Austin, TX 78704","268000","6","3","760","Multi-Family","1958","3772","sqft","6","Covered parking","Mueller","Pflugerville ISD","active","13","2026-03-15","30.325527","-97.696694","Updated interior, strong curb appeal, and move-in ready condition","Well-positioned US listing in Austin with practical layout, competitive pricing, and strong buyer appeal."
"US-00279","3867 Grand St","Austin","TX","78701","3867 Grand St, Austin, TX 78701","2593000","3","2","4440","Luxury Home","2009","1.01","acres","256","Street parking","East Cesar Chavez","Eanes ISD","active","17","2026-03-11","30.217703","-97.771626","Updated interior, strong curb appeal, and move-in ready condition","Well-positioned US listing in Austin with practical layout, competitive pricing, and strong buyer appeal."
"US-00091","7741 Pine Ln","Austin","TX","78745","7741 Pine Ln, Austin, TX 78745","2408000","1","2","4351","Luxury Home","1988","0.53","acres","251","Street parking","South Lamar","Pflugerville ISD","active","7","2026-03-21","30.275835","-97.732435","Updated interior, strong curb appeal, and move-in ready condition","Well-positioned US listing in Austin with practical layout, competitive pricing, and strong buyer appeal."
"US-00193","4333 Pine Blvd","Austin","TX","78704","4333 Pine Blvd, Austin, TX 78704","240000","3","3.5","911","Multi-Family","2008","3087","sqft","150","2-car garage","East Cesar Chavez","Eanes ISD","active","36","2026-02-20","30.264705","-97.803596","Updated interior, strong curb appeal, and move-in ready condition","Well-positioned US listing in Austin with practical layout, competitive pricing, and strong buyer appeal."
"US-00122","5858 Ridge Dr","Austin","TX","78704","5858 Ridge Dr, Austin, TX 78704","230000","2","4","838","Multi-Family","1999","6919","sqft","216","Tandem garage","Zilker","Austin ISD","active","41","2026-02-15","30.230607","-97.791188","Updated interior, strong curb appeal, and move-in ready condition","Well-positioned US listing in Austin with practical layout, competitive pricing, and strong buyer appeal."
"US-00080","7865 Meadow St","Austin","TX","78745","7865 Meadow St, Austin, TX 78745","2043000","4","3","4958","Single Family","1986","7077","sqft","240","Street parking","South Lamar","Pflugerville ISD","pending","15","2026-03-13","30.242131","-97.681464","Updated interior, strong curb appeal, and move-in ready condition","Well-positioned US listing in Austin with practical layout, competitive pricing, and strong buyer appeal."
"US-00163","1549 Sunset Pl","Austin","TX","78704","1549 Sunset Pl, Austin, TX 78704","1962000","1","3.5","4459","Single Family","1997","8232","sqft","282","Street parking","Zilker","Austin ISD","active","11","2026-03-17","30.255438","-97.680626","Updated interior, strong curb appeal, and move-in ready condition","Well-positioned US listing in Austin with practical layout, competitive pricing, and strong buyer appeal."
"US-00070","5522 Ridge Ave","Austin","TX","78704","5522 Ridge Ave, Austin, TX 78704","1808000","1","4","4459","Luxury Home","1972","0.93","acres","193","2-car garage","Mueller","Austin ISD","pending","42","2026-02-14","30.21494","-97.790439","Updated interior, strong curb appeal, and move-in ready condition","Well-positioned US listing in Austin with practical layout, competitive pricing, and strong buyer appeal."
"US-00023","1927 Jefferson St","Austin","TX","78704","1927 Jefferson St, Austin, TX 78704","1745000","2","4","4747","Townhouse","1976","9314","sqft","31","Tandem garage","Zilker","Pflugerville ISD","sold","164","2025-10-15","30.308664","-97.794431","Updated interior, strong curb appeal, and move-in ready condition","Well-positioned US listing in Austin with practical layout, competitive pricing, and strong buyer appeal."
"US-00314","7651 Hamilton Dr","Austin","TX","78745","7651 Hamilton Dr, Austin, TX 78745","1722000","6","2","3955","Single Family","1987","4502","sqft","187","Street parking","Mueller","Eanes ISD","sold","79","2026-01-08","30.247224","-97.675806","Updated interior, strong curb appeal, and move-in ready condition","Well-positioned US listing in Austin with practical layout, competitive pricing, and strong buyer appeal."
"US-00086","4947 Grand Dr","Austin","TX","78745","4947 Grand Dr, Austin, TX 78745","1666000","1","2","3893","Condo","1995","1721","sqft","241","2-car garage","Zilker","Austin ISD","pending","47","2026-02-09","30.188143","-97.803048","Updated interior, strong curb appeal, and move-in ready condition","Well-positioned US listing in Austin with practical layout, competitive pricing, and strong buyer appeal."
"US-00109","5106 Liberty Blvd","Austin","TX","78745","5106 Liberty Blvd, Austin, TX 78745","1537000","1","2.5","4298","Condo","1991","3468","sqft","523","2-car garage","Zilker","Eanes ISD","pending","38","2026-02-18","30.345291","-97.765386","Updated interior, strong curb appeal, and move-in ready condition","Well-positioned US listing in Austin with practical layout, competitive pricing, and strong buyer appeal."
"US-00320","222 Oak Pl","Austin","TX","78702","222 Oak Pl, Austin, TX 78702","1508000","3","3.5","4938","Single Family","1963","6409","sqft","353","Street parking","East Cesar Chavez","Austin ISD","active","31","2026-02-25","30.204254","-97.807893","Updated interior, strong curb appeal, and move-in ready condition","Well-positioned US listing in Austin with practical layout, competitive pricing, and strong buyer appeal."
"US-00096","139 Meadow Blvd","Austin","TX","78702","139 Meadow Blvd, Austin, TX 78702","1507000","6","4","4836","Townhouse","1999","6639","sqft","336","2-car garage","Zilker","Eanes ISD","pending","25","2026-03-03","30.244841","-97.708052","Updated interior, strong curb appeal, and move-in ready condition","Well-positioned US listing in Austin with practical layout, competitive pricing, and strong buyer appeal."
"US-00176","7730 Cedar Ave","Austin","TX","78701","7730 Cedar Ave, Austin, TX 78701","1503000","6","2","3833","Single Family","2022","7518","sqft","89","1-car garage","East Cesar Chavez","Pflugerville ISD","active","32","2026-02-24","30.188628","-97.75354","Updated interior, strong curb appeal, and move-in ready condition","Well-positioned US listing in Austin with practical layout, competitive pricing, and strong buyer appeal."
"US-00046","3408 Ridge St","Austin","TX","78745","3408 Ridge St, Austin, TX 78745","1497000","3","1.5","4561","Condo","1961","2690","sqft","409","Tandem garage","Zilker","Pflugerville ISD","active","2","2026-03-26","30.221726","-97.667917","Updated interior, strong curb appeal, and move-in ready condition","Well-positioned US listing in Austin with practical layout, competitive pricing, and strong buyer appeal."
"US-00053","3924 Sunset Way","Austin","TX","78702","3924 Sunset Way, Austin, TX 78702","1460000","3","3","4147","Single Family","1963","10203","sqft","325","Tandem garage","Mueller","Pflugerville ISD","pending","27","2026-03-01","30.341852","-97.800857","Updated interior, strong curb appeal, and move-in ready condition","Well-positioned US listing in Austin with practical layout, competitive pricing, and strong buyer appeal."
"US-00079","8517 Grand Pl","Austin","TX","78701","8517 Grand Pl, Austin, TX 78701","1314000","6","3","4281","Condo","1972","2330","sqft","513","Street parking","East Cesar Chavez","Eanes ISD","active","40","2026-02-16","30.312392","-97.738817","Updated interior, strong curb appeal, and move-in ready condition","Well-positioned US listing in Austin with practical layout, competitive pricing, and strong buyer appeal."
"US-00319","1999 Meadow Ave","Austin","TX","78745","1999 Meadow Ave, Austin, TX 78745","1264000","6","2","3355","Multi-Family","1976","10719","sqft","37","Street parking","Mueller","Austin ISD","pending","28","2026-02-28","30.264189","-97.739153","Updated interior, strong curb appeal, and move-in ready condition","Well-positioned US listing in Austin with practical layout, competitive pricing, and strong buyer appeal."
"US-00020","8201 Oak Blvd","Austin","TX","78701","8201 Oak Blvd, Austin, TX 78701","1254000","2","3.5","3245","Multi-Family","2009","10533","sqft","14","2-car garage","Zilker","Pflugerville ISD","active","41","2026-02-15","30.198973","-97.720786","Updated interior, strong curb appeal, and move-in ready condition","Well-positioned US listing in Austin with practical layout, competitive pricing, and strong buyer appeal."
"US-00270","5403 Grand Dr","Austin","TX","78704","5403 Grand Dr, Austin, TX 78704","1235000","1","2.5","3283","Luxury Home","1955","0.66","acres","455","Street parking","Zilker","Eanes ISD","pending","50","2026-02-06","30.29429","-97.695245","Updated interior, strong curb appeal, and move-in ready condition","Well-positioned US listing in Austin with practical layout, competitive pricing, and strong buyer appeal."
"US-00238","3197 Lakeview Blvd","Austin","TX","78701","3197 Lakeview Blvd, Austin, TX 78701","1160000","1","3.5","3411","Condo","2023","1966","sqft","271","Street parking","Mueller","Eanes ISD","sold","98","2025-12-20","30.33881","-97.791217","Updated interior, strong curb appeal, and move-in ready condition","Well-positioned US listing in Austin with practical layout, competitive pricing, and strong buyer appeal."
"US-00032","5049 Hamilton Ln","Austin","TX","78702","5049 Hamilton Ln, Austin, TX 78702","1156000","4","2.5","3268","Multi-Family","1985","9957","sqft","136","2-car garage","East Cesar Chavez","Pflugerville ISD","active","44","2026-02-12","30.242207","-97.768342","Updated interior, strong curb appeal, and move-in ready condition","Well-positioned US listing in Austin with practical layout, competitive pricing, and strong buyer appeal."
